Workbook

Sheet Dashboard
A1: Apex Trading Accounts Overview
A3: Last Updated: | B3: 45729.506
A5: Account | B5: Current Balance | C5: Target Balance | D5: % to Target | E5: Trailing Threshold | F5: Distance from Threshold | G5: Largest Daily Profit | H5: Trailing High | I5: Status | J5: Auto Liquidate Status | K5: Days Traded | L5: Daily Avg P&L | M5: Win % | N5: Total Trades | O5: Max Drawdown | P5: Max Drawdown %
A6: Account 1 | B6: =INDEX('Account 1'!C:C,2) | C6: =B6*1.1 | D6: =B6/C6 | E6: =INDEX('Account 1'!E:E,2) | F6: =B6-E6 | G6: =INDEX('Account 1'!M:M,2) | H6: =INDEX('Account 1'!N:N,2) | I6: =IF(F6<0,"ALERT","Active") | J6: =INDEX('Account 1'!O:O,2) | K6: =COUNT('Account 1'!A:A)-1 | L6: =AVERAGE('Account 1'!B:B) | M6: =INDEX('Account 1'!U:U,2) | N6: =INDEX('Account 1'!R:R,2) | O6: =INDEX('Account 1'!Y:Y,2) | P6: =INDEX('Account 1'!Z:Z,2)
A7: Account 2 | B7: =INDEX('Account 2'!C:C,2) | C7: =B7*1.1 | D7: =B7/C7 | E7: =INDEX('Account 2'!E:E,2) | F7: =B7-E7 | G7: =INDEX('Account 2'!M:M,2) | H7: =INDEX('Account 2'!N:N,2) | I7: =IF(F7<0,"ALERT","Active") | J7: =INDEX('Account 2'!O:O,2) | K7: =COUNT('Account 2'!A:A)-1 | L7: =AVERAGE('Account 2'!B:B) | M7: =INDEX('Account 2'!U:U,2) | N7: =INDEX('Account 2'!R:R,2) | O7: =INDEX('Account 2'!Y:Y,2) | P7: =INDEX('Account 2'!Z:Z,2)
A8: Account 3 | B8: =INDEX('Account 3'!C:C,2) | C8: =B8*1.1 | D8: =B8/C8 | E8: =INDEX('Account 3'!E:E,2) | F8: =B8-E8 | G8: =INDEX('Account 3'!M:M,2) | H8: =INDEX('Account 3'!N:N,2) | I8: =IF(F8<0,"ALERT","Active") | J8: =INDEX('Account 3'!O:O,2) | K8: =COUNT('Account 3'!A:A)-1 | L8: =AVERAGE('Account 3'!B:B) | M8: =INDEX('Account 3'!U:U,2) | N8: =INDEX('Account 3'!R:R,2) | O8: =INDEX('Account 3'!Y:Y,2) | P8: =INDEX('Account 3'!Z:Z,2)

Sheet Account 1
A1: Account Details: Account 1 | F1: Starting Balance: $XX,XXX
A3: Date | B3: Daily P&L | C3: Account Balance | D3: Commission | E3: Auto Liquidate Threshold | F3: Open P/L | G3: Working Buy Qty | H3: Working Sell Qty | I3: Fill Buy Qty | J3: Fill Sell Qty | K3: Net Position | L3: Peak Balance Time | M3: Daily Max Profit | N3: Trailing High Balance | O3: Auto Liquidate Status | Q3: --- Performance Metrics --- | R3: Trade Count | S3: Winning Trades | T3: Losing Trades | U3: Win % | V3: Lose % | W3: Scratched Trades | X3: Scratched % | Y3: Max Drawdown | Z3: Max Drawdown %
A4: 45729.506 | B4: 0 | C4: 100000
B30: Balance Chart will appear here | J30: P&L Chart will appear here
S40: Win/Loss Ratio Chart will appear here
S50: Drawdown History Chart will appear here

Sheet Account 2
A1: Account Details: Account 2 | F1: Starting Balance: $XX,XXX
A3: Date | B3: Daily P&L | C3: Account Balance | D3: Commission | E3: Auto Liquidate Threshold | F3: Open P/L | G3: Working Buy Qty | H3: Working Sell Qty | I3: Fill Buy Qty | J3: Fill Sell Qty | K3: Net Position | L3: Peak Balance Time | M3: Daily Max Profit | N3: Trailing High Balance | O3: Auto Liquidate Status | Q3: --- Performance Metrics --- | R3: Trade Count | S3: Winning Trades | T3: Losing Trades | U3: Win % | V3: Lose % | W3: Scratched Trades | X3: Scratched % | Y3: Max Drawdown | Z3: Max Drawdown %
A4: 45729.506 | B4: 0 | C4: 100000
B30: Balance Chart will appear here | J30: P&L Chart will appear here
S40: Win/Loss Ratio Chart will appear here
S50: Drawdown History Chart will appear here

Sheet Account 3
A1: Account Details: Account 3 | F1: Starting Balance: $XX,XXX
A3: Date | B3: Daily P&L | C3: Account Balance | D3: Commission | E3: Auto Liquidate Threshold | F3: Open P/L | G3: Working Buy Qty | H3: Working Sell Qty | I3: Fill Buy Qty | J3: Fill Sell Qty | K3: Net Position | L3: Peak Balance Time | M3: Daily Max Profit | N3: Trailing High Balance | O3: Auto Liquidate Status | Q3: --- Performance Metrics --- | R3: Trade Count | S3: Winning Trades | T3: Losing Trades | U3: Win % | V3: Lose % | W3: Scratched Trades | X3: Scratched % | Y3: Max Drawdown | Z3: Max Drawdown %
A4: 45729.506 | B4: 0 | C4: 100000
B30: Balance Chart will appear here | J30: P&L Chart will appear here
S40: Win/Loss Ratio Chart will appear here
S50: Drawdown History Chart will appear here

Sheet Data Import
A1: Data Import Center
A3: Rithmic Dashboard Data Import | E3: Select Account:
A4: Instructions:
A5: 1. Copy data from Rithmic dashboard CSV and paste in cell A8 | E5: Update Dashboard Data
A6: 2. Select the account tab to update from dropdown
A7: 3. Click 'Update Dashboard Data' button
A25: Rithmic Performance Data Import
A26: Instructions: | E26: Select Account:
A27: 1. Copy data from Rithmic Performance CSV and paste in cell A30
A28: 2. Select the account tab to update from dropdown | E28: Update Performance Data
A29: 3. Click 'Update Performance Data' button

Sheet Settings
A1: Account Settings
A3: Target Profit Percentage: | B3: 0.1 | D3: Auto-refresh Dashboard: | E3: NO
A5: Account Names: | D5: Date Format: | E5: MM/DD/YYYY
A6: Account 1
A7: Account 2
A8: Account 3
A10: Threshold Alert Settings:
A11: Email Alert When Approaching Threshold: | B11: NO
A12: Alert Distance: | B12: 0.05
